{
    "MODEL_TYPE": "MT_DET_YOLOV7_FACE",
    "MODEL_PATH": "./models/yolov7-face.joint",
    "STRIDES": [8, 16, 32],
    "ANCHORS": [
        4,
        5,
        6,
        8,
        10,
        12,
        15,
        19,
        23,
        30,
        39,
        52,
        72,
        97,
        123,
        164,
        209,
        297
    ],
    "CLASS_NAMES": [
        "face"
    ],
    "CLASS_NUM": 1,
    "NMS_THRESHOLD": 0.44999998807907104,
    "PROB_THRESHOLD": 0.4000000059604645
}