{
    "MODEL_TYPE": "MT_DET_YOLOV5_FACE",
    "MODEL_PATH": "./models/yolov5s_face_nv12_11.joint",
    "STRIDES": [8, 16, 32],
    "ANCHORS": [
        4,
        5,
        8,
        10,
        13,
        16,
        23,
        29,
        43,
        55,
        73,
        105,
        146,
        217,
        231,
        300,
        335,
        433
    ],
    "CLASS_NAMES": [
        "face"
    ],
    "CLASS_NUM": 1,
    "NMS_THRESHOLD": 0.44999998807907104,
    "PROB_THRESHOLD": 0.4000000059604645
}